{
  "project_info": {
    "project_number": "211080496200",
    "project_id": "drinklah-71954",
    "storage_bucket": "drinklah-71954.appspot.com"
  },
  "client": [
    {
      "client_info": {
        "mobilesdk_app_id": "1:211080496200:android:a2e9a7adb677523bc3047d",
        "android_client_info": {
          "package_name": "com.example.drink_lah"
        }
      },
      "oauth_client": [
        {
          "client_id": "211080496200-7va46jtluuv0lgllikrgl8ei784r4qa3.apps.googleusercontent.com",
          "client_type": 3
        }
      ],
      "api_key": [
        {
          "current_key": "AIzaSyBG1cgGyC9y8cWSf_d1wdT0QnS1XEuyhpM"
        }
      ],
      "services": {
        "appinvite_service": {
          "other_platform_oauth_client": [
            {
              "client_id": "211080496200-7va46jtluuv0lgllikrgl8ei784r4qa3.apps.googleusercontent.com",
              "client_type": 3
            }
          ]
        }
      }
    }
  ],
  "configuration_version": "1"
}